age_group,invited,registered,date
-18,0,1095,2021-01-20
18-30,3410,13955,2021-01-20
30-40,3648,17849,2021-01-20
40-50,3747,14315,2021-01-20
50-60,12549,13448,2021-01-20
60-75,18155,18161,2021-01-20
75-,4037,4037,2021-01-20
-18,0,1298,2021-01-21
18-30,1811,11704,2021-01-21
30-40,2459,15431,2021-01-21
40-50,3339,14916,2021-01-21
50-60,15274,16585,2021-01-21
60-75,25625,25643,2021-01-21
75-,6932,6932,2021-01-21
-18,0,621,2021-01-22
18-30,784,5472,2021-01-22
30-40,1099,7109,2021-01-22
40-50,1529,7281,2021-01-22
50-60,8023,8686,2021-01-22
60-75,15187,15194,2021-01-22
75-,4927,4927,2021-01-22
-18,0,328,2021-01-23
18-30,404,2482,2021-01-23
30-40,504,3274,2021-01-23
40-50,703,3369,2021-01-23
50-60,3974,4302,2021-01-23
60-75,8243,8246,2021-01-23
75-,2881,2881,2021-01-23
-18,0,257,2021-01-24
18-30,246,1871,2021-01-24
30-40,293,2134,2021-01-24
40-50,450,2277,2021-01-24
50-60,2833,3076,2021-01-24
60-75,5913,5917,2021-01-24
75-,2040,2040,2021-01-24
-18,0,152,2021-01-25
18-30,200,1462,2021-01-25
30-40,258,1912,2021-01-25
40-50,470,1967,2021-01-25
50-60,2319,2517,2021-01-25
60-75,4513,4513,2021-01-25
75-,1510,1510,2021-01-25
-18,0,100,2021-01-26
18-30,136,856,2021-01-26
30-40,160,1100,2021-01-26
40-50,225,1108,2021-01-26
50-60,1277,1377,2021-01-26
60-75,2618,2620,2021-01-26
75-,944,944,2021-01-26
-18,0,68,2021-01-27
18-30,81,664,2021-01-27
30-40,142,931,2021-01-27
40-50,232,1002,2021-01-27
50-60,1084,1192,2021-01-27
60-75,2201,2201,2021-01-27
75-,797,797,2021-01-27
-18,0,76,2021-01-28
18-30,73,543,2021-01-28
30-40,95,782,2021-01-28
40-50,199,922,2021-01-28
50-60,1165,1263,2021-01-28
60-75,2155,2156,2021-01-28
75-,784,784,2021-01-28
-18,0,54,2021-01-29
18-30,59,425,2021-01-29
30-40,85,589,2021-01-29
40-50,151,674,2021-01-29
50-60,915,988,2021-01-29
60-75,1770,1770,2021-01-29
75-,563,563,2021-01-29
-18,0,63,2021-01-30
18-30,84,741,2021-01-30
30-40,170,1073,2021-01-30
40-50,270,1215,2021-01-30
50-60,1560,1691,2021-01-30
60-75,2664,2665,2021-01-30
75-,779,779,2021-01-30
-18,0,30,2021-01-31
18-30,90,613,2021-01-31
30-40,121,894,2021-01-31
40-50,226,1057,2021-01-31
50-60,1304,1427,2021-01-31
60-75,2734,2735,2021-01-31
75-,917,917,2021-01-31
-18,0,103,2021-02-01
18-30,110,925,2021-02-01
30-40,166,1430,2021-02-01
40-50,359,1732,2021-02-01
50-60,2055,2250,2021-02-01
60-75,3775,3776,2021-02-01
75-,1249,1249,2021-02-01
-18,0,124,2021-02-02
18-30,124,939,2021-02-02
30-40,207,1630,2021-02-02
40-50,399,1882,2021-02-02
50-60,2099,2294,2021-02-02
60-75,3689,3692,2021-02-02
75-,1196,1197,2021-02-02
-18,0,75,2021-02-03
18-30,92,701,2021-02-03
30-40,162,1133,2021-02-03
40-50,305,1299,2021-02-03
50-60,1544,1656,2021-02-03
60-75,2779,2781,2021-02-03
75-,981,981,2021-02-03
-18,0,85,2021-02-04
18-30,124,812,2021-02-04
30-40,183,1191,2021-02-04
40-50,261,1098,2021-02-04
50-60,1207,1312,2021-02-04
60-75,2273,2274,2021-02-04
75-,846,846,2021-02-04
-18,0,96,2021-02-05
18-30,137,950,2021-02-05
30-40,187,1288,2021-02-05
40-50,319,1372,2021-02-05
50-60,1412,1547,2021-02-05
60-75,2809,2811,2021-02-05
75-,834,834,2021-02-05
-18,0,68,2021-02-06
18-30,331,927,2021-02-06
30-40,486,1347,2021-02-06
40-50,356,1080,2021-02-06
50-60,1164,1231,2021-02-06
60-75,1904,1906,2021-02-06
75-,619,619,2021-02-06
-18,0,193,2021-02-07
18-30,553,1643,2021-02-07
30-40,849,2241,2021-02-07
40-50,837,2297,2021-02-07
50-60,2625,2788,2021-02-07
60-75,3824,3825,2021-02-07
75-,1296,1296,2021-02-07
-18,0,206,2021-02-08
18-30,899,2099,2021-02-08
30-40,1453,3011,2021-02-08
40-50,1241,2692,2021-02-08
50-60,3210,3413,2021-02-08
60-75,4712,4712,2021-02-08
75-,1491,1491,2021-02-08
-18,0,331,2021-02-09
18-30,1178,2971,2021-02-09
30-40,1986,4241,2021-02-09
40-50,1869,3938,2021-02-09
50-60,4295,4544,2021-02-09
60-75,6017,6019,2021-02-09
75-,2017,2017,2021-02-09
-18,0,72,2021-02-10
18-30,169,683,2021-02-10
30-40,294,1064,2021-02-10
40-50,285,1039,2021-02-10
50-60,1247,1345,2021-02-10
60-75,2138,2141,2021-02-10
75-,700,700,2021-02-10
-18,0,63,2021-02-11
18-30,119,529,2021-02-11
30-40,164,769,2021-02-11
40-50,215,873,2021-02-11
50-60,1017,1110,2021-02-11
60-75,1831,1831,2021-02-11
75-,555,555,2021-02-11
-18,0,42,2021-02-12
18-30,66,338,2021-02-12
30-40,85,452,2021-02-12
40-50,133,509,2021-02-12
50-60,630,685,2021-02-12
60-75,1135,1136,2021-02-12
75-,453,453,2021-02-12
-18,0,38,2021-02-13
18-30,40,247,2021-02-13
30-40,63,375,2021-02-13
40-50,108,418,2021-02-13
50-60,527,564,2021-02-13
60-75,989,989,2021-02-13
75-,360,360,2021-02-13
-18,0,31,2021-02-14
18-30,43,307,2021-02-14
30-40,46,418,2021-02-14
40-50,107,490,2021-02-14
50-60,639,697,2021-02-14
60-75,1122,1123,2021-02-14
75-,395,395,2021-02-14
-18,0,34,2021-02-15
18-30,53,300,2021-02-15
30-40,90,446,2021-02-15
40-50,135,505,2021-02-15
50-60,604,649,2021-02-15
60-75,1138,1138,2021-02-15
75-,406,406,2021-02-15
-18,0,5,2021-02-16
18-30,34,216,2021-02-16
30-40,44,239,2021-02-16
40-50,80,303,2021-02-16
50-60,327,348,2021-02-16
60-75,586,586,2021-02-16
75-,218,218,2021-02-16
-18,0,17,2021-02-17
18-30,33,196,2021-02-17
30-40,44,304,2021-02-17
40-50,60,287,2021-02-17
50-60,414,456,2021-02-17
60-75,637,637,2021-02-17
75-,231,231,2021-02-17
-18,0,28,2021-02-18
18-30,43,224,2021-02-18
30-40,69,340,2021-02-18
40-50,81,366,2021-02-18
50-60,463,503,2021-02-18
60-75,787,787,2021-02-18
75-,256,256,2021-02-18
-18,0,20,2021-02-19
18-30,39,304,2021-02-19
30-40,68,423,2021-02-19
40-50,100,482,2021-02-19
50-60,489,531,2021-02-19
60-75,844,846,2021-02-19
75-,270,270,2021-02-19
-18,0,11,2021-02-20
18-30,24,215,2021-02-20
30-40,33,311,2021-02-20
40-50,65,329,2021-02-20
50-60,451,493,2021-02-20
60-75,666,668,2021-02-20
75-,229,229,2021-02-20
-18,0,22,2021-02-21
18-30,24,208,2021-02-21
30-40,24,234,2021-02-21
40-50,52,274,2021-02-21
50-60,389,421,2021-02-21
60-75,595,595,2021-02-21
75-,190,190,2021-02-21
-18,0,24,2021-02-22
18-30,30,195,2021-02-22
30-40,34,279,2021-02-22
40-50,58,338,2021-02-22
50-60,376,412,2021-02-22
60-75,588,588,2021-02-22
75-,201,201,2021-02-22
-18,0,13,2021-02-23
18-30,63,256,2021-02-23
30-40,97,370,2021-02-23
40-50,68,326,2021-02-23
50-60,270,284,2021-02-23
60-75,485,486,2021-02-23
75-,155,155,2021-02-23
-18,0,12,2021-02-24
18-30,36,166,2021-02-24
30-40,59,267,2021-02-24
40-50,55,236,2021-02-24
50-60,247,264,2021-02-24
60-75,448,448,2021-02-24
75-,140,140,2021-02-24
-18,0,15,2021-02-25
18-30,24,151,2021-02-25
30-40,58,266,2021-02-25
40-50,56,236,2021-02-25
50-60,257,280,2021-02-25
60-75,408,408,2021-02-25
75-,128,128,2021-02-25
-18,0,16,2021-02-26
18-30,23,136,2021-02-26
30-40,43,208,2021-02-26
40-50,42,228,2021-02-26
50-60,221,241,2021-02-26
60-75,379,380,2021-02-26
75-,125,125,2021-02-26
-18,0,13,2021-02-27
18-30,28,116,2021-02-27
30-40,33,146,2021-02-27
40-50,41,163,2021-02-27
50-60,195,215,2021-02-27
60-75,363,363,2021-02-27
75-,123,123,2021-02-27
-18,0,9,2021-02-28
18-30,19,90,2021-02-28
30-40,12,121,2021-02-28
40-50,30,147,2021-02-28
50-60,190,206,2021-02-28
60-75,324,324,2021-02-28
75-,111,111,2021-02-28
-18,0,24,2021-03-01
18-30,45,219,2021-03-01
30-40,44,360,2021-03-01
40-50,75,359,2021-03-01
50-60,356,383,2021-03-01
60-75,499,499,2021-03-01
75-,191,191,2021-03-01
-18,0,20,2021-03-02
18-30,16,143,2021-03-02
30-40,44,246,2021-03-02
40-50,59,305,2021-03-02
50-60,295,316,2021-03-02
60-75,391,391,2021-03-02
75-,151,151,2021-03-02
-18,0,19,2021-03-03
18-30,20,147,2021-03-03
30-40,27,204,2021-03-03
40-50,56,276,2021-03-03
50-60,269,290,2021-03-03
60-75,402,403,2021-03-03
75-,118,118,2021-03-03
-18,0,25,2021-03-04
18-30,30,208,2021-03-04
30-40,53,300,2021-03-04
40-50,58,344,2021-03-04
50-60,317,337,2021-03-04
60-75,475,475,2021-03-04
75-,154,154,2021-03-04
-18,0,35,2021-03-05
18-30,35,235,2021-03-05
30-40,49,321,2021-03-05
40-50,87,422,2021-03-05
50-60,423,467,2021-03-05
60-75,721,721,2021-03-05
75-,205,205,2021-03-05
-18,0,13,2021-03-06
18-30,14,106,2021-03-06
30-40,29,162,2021-03-06
40-50,51,239,2021-03-06
50-60,332,351,2021-03-06
60-75,557,558,2021-03-06
75-,161,161,2021-03-06
-18,0,10,2021-03-07
18-30,12,105,2021-03-07
30-40,22,139,2021-03-07
40-50,29,161,2021-03-07
50-60,230,249,2021-03-07
60-75,409,409,2021-03-07
75-,129,129,2021-03-07
-18,0,25,2021-03-08
18-30,33,215,2021-03-08
30-40,57,309,2021-03-08
40-50,101,362,2021-03-08
50-60,434,479,2021-03-08
60-75,611,611,2021-03-08
75-,164,164,2021-03-08
-18,0,81,2021-03-09
18-30,74,531,2021-03-09
30-40,116,657,2021-03-09
40-50,124,590,2021-03-09
50-60,592,635,2021-03-09
60-75,895,895,2021-03-09
75-,285,285,2021-03-09
-18,0,99,2021-03-10
18-30,100,808,2021-03-10
30-40,159,1073,2021-03-10
40-50,186,770,2021-03-10
50-60,731,785,2021-03-10
60-75,1125,1125,2021-03-10
75-,355,355,2021-03-10
-18,0,45,2021-03-11
18-30,136,512,2021-03-11
30-40,555,1083,2021-03-11
40-50,642,1163,2021-03-11
50-60,1129,1187,2021-03-11
60-75,1127,1128,2021-03-11
75-,364,364,2021-03-11
-18,0,90,2021-03-12
18-30,154,925,2021-03-12
30-40,257,1374,2021-03-12
40-50,358,1255,2021-03-12
50-60,1264,1380,2021-03-12
60-75,1663,1663,2021-03-12
75-,518,518,2021-03-12
-18,0,148,2021-03-13
18-30,1033,2289,2021-03-13
30-40,2940,4531,2021-03-13
40-50,2539,4086,2021-03-13
50-60,3723,3893,2021-03-13
60-75,3035,3037,2021-03-13
75-,797,797,2021-03-13
-18,0,75,2021-03-14
18-30,315,986,2021-03-14
30-40,362,1193,2021-03-14
40-50,341,1146,2021-03-14
50-60,1248,1333,2021-03-14
60-75,1573,1574,2021-03-14
75-,498,498,2021-03-14
-18,0,98,2021-03-15
18-30,366,1290,2021-03-15
30-40,642,1816,2021-03-15
40-50,627,1656,2021-03-15
50-60,1567,1662,2021-03-15
60-75,1731,1731,2021-03-15
75-,544,544,2021-03-15
-18,0,63,2021-03-16
18-30,350,1005,2021-03-16
30-40,421,1133,2021-03-16
40-50,386,1095,2021-03-16
50-60,1042,1102,2021-03-16
60-75,1305,1305,2021-03-16
75-,411,411,2021-03-16
-18,0,99,2021-03-17
18-30,407,1728,2021-03-17
30-40,509,2398,2021-03-17
40-50,583,2051,2021-03-17
50-60,1870,2021,2021-03-17
60-75,1731,1732,2021-03-17
75-,425,425,2021-03-17
-18,0,101,2021-03-18
18-30,329,1703,2021-03-18
30-40,419,2289,2021-03-18
40-50,486,1978,2021-03-18
50-60,1681,1845,2021-03-18
60-75,1777,1779,2021-03-18
75-,482,482,2021-03-18
-18,0,88,2021-03-19
18-30,325,1220,2021-03-19
30-40,439,1597,2021-03-19
40-50,469,1511,2021-03-19
50-60,1337,1455,2021-03-19
60-75,1459,1460,2021-03-19
75-,424,424,2021-03-19
-18,0,88,2021-03-20
18-30,552,1562,2021-03-20
30-40,468,1690,2021-03-20
40-50,408,1420,2021-03-20
50-60,1258,1350,2021-03-20
60-75,1545,1545,2021-03-20
75-,421,421,2021-03-20
-18,0,145,2021-03-21
18-30,951,2420,2021-03-21
30-40,794,2687,2021-03-21
40-50,716,2321,2021-03-21
50-60,2021,2175,2021-03-21
60-75,2146,2147,2021-03-21
75-,725,725,2021-03-21
-18,0,151,2021-03-22
18-30,1275,2972,2021-03-22
30-40,1325,3747,2021-03-22
40-50,1195,3202,2021-03-22
50-60,2998,3189,2021-03-22
60-75,3172,3172,2021-03-22
75-,1054,1054,2021-03-22
-18,0,139,2021-03-23
18-30,1010,3062,2021-03-23
30-40,1146,3662,2021-03-23
40-50,998,3191,2021-03-23
50-60,3058,3251,2021-03-23
60-75,3726,3733,2021-03-23
75-,1270,1270,2021-03-23
-18,0,142,2021-03-24
18-30,843,2772,2021-03-24
30-40,891,3374,2021-03-24
40-50,953,3148,2021-03-24
50-60,2878,3090,2021-03-24
60-75,3593,3594,2021-03-24
75-,1385,1385,2021-03-24
-18,0,162,2021-03-25
18-30,1090,2761,2021-03-25
30-40,930,3053,2021-03-25
40-50,1064,3216,2021-03-25
50-60,3030,3245,2021-03-25
60-75,3837,3840,2021-03-25
75-,1522,1522,2021-03-25
-18,0,136,2021-03-26
18-30,1159,2859,2021-03-26
30-40,1055,3255,2021-03-26
40-50,1091,3327,2021-03-26
50-60,3415,3696,2021-03-26
60-75,4155,4159,2021-03-26
75-,1608,1608,2021-03-26
-18,0,169,2021-03-27
18-30,843,2588,2021-03-27
30-40,658,2409,2021-03-27
40-50,814,2695,2021-03-27
50-60,2992,3229,2021-03-27
60-75,3783,3788,2021-03-27
75-,1453,1453,2021-03-27
-18,0,108,2021-03-28
18-30,568,2115,2021-03-28
30-40,414,1989,2021-03-28
40-50,486,2004,2021-03-28
50-60,2189,2373,2021-03-28
60-75,2857,2859,2021-03-28
75-,1229,1229,2021-03-28
-18,0,128,2021-03-29
18-30,773,2358,2021-03-29
30-40,770,2679,2021-03-29
40-50,830,2805,2021-03-29
50-60,2906,3152,2021-03-29
60-75,3710,3711,2021-03-29
75-,1566,1566,2021-03-29
-18,0,156,2021-03-30
18-30,708,2727,2021-03-30
30-40,626,2897,2021-03-30
40-50,748,2819,2021-03-30
50-60,2869,3095,2021-03-30
60-75,3654,3656,2021-03-30
75-,1462,1463,2021-03-30
-18,0,127,2021-03-31
18-30,645,2231,2021-03-31
30-40,526,2237,2021-03-31
40-50,576,2226,2021-03-31
50-60,2394,2594,2021-03-31
60-75,3346,3348,2021-03-31
75-,1427,1427,2021-03-31
-18,0,145,2021-04-01
18-30,473,2087,2021-04-01
30-40,484,2771,2021-04-01
40-50,695,2902,2021-04-01
50-60,2958,3201,2021-04-01
60-75,4193,4200,2021-04-01
75-,1762,1764,2021-04-01
-18,0,192,2021-04-02
18-30,499,2495,2021-04-02
30-40,567,3479,2021-04-02
40-50,882,4016,2021-04-02
50-60,4080,4422,2021-04-02
60-75,5957,5959,2021-04-02
75-,2378,2380,2021-04-02
-18,0,158,2021-04-03
18-30,358,1875,2021-04-03
30-40,404,2738,2021-04-03
40-50,705,3251,2021-04-03
50-60,3664,3944,2021-04-03
60-75,6438,6444,2021-04-03
75-,2576,2578,2021-04-03
-18,0,187,2021-04-04
18-30,420,2312,2021-04-04
30-40,368,3041,2021-04-04
40-50,660,3413,2021-04-04
50-60,3703,4042,2021-04-04
60-75,6023,6035,2021-04-04
75-,2540,2540,2021-04-04
-18,0,335,2021-04-05
18-30,595,3373,2021-04-05
30-40,764,5361,2021-04-05
40-50,1213,6021,2021-04-05
50-60,6127,6646,2021-04-05
60-75,9290,9299,2021-04-05
75-,3421,3421,2021-04-05
-18,0,211,2021-04-06
18-30,489,3080,2021-04-06
30-40,713,5314,2021-04-06
40-50,1177,5795,2021-04-06
50-60,6258,6868,2021-04-06
60-75,9715,9731,2021-04-06
75-,3725,3730,2021-04-06
-18,0,198,2021-04-07
18-30,569,3342,2021-04-07
30-40,654,4670,2021-04-07
40-50,1068,5208,2021-04-07
50-60,5579,6116,2021-04-07
60-75,8921,8931,2021-04-07
75-,3320,3324,2021-04-07
-18,0,131,2021-04-08
18-30,396,2262,2021-04-08
30-40,490,3152,2021-04-08
40-50,723,3564,2021-04-08
50-60,4108,4498,2021-04-08
60-75,6860,6874,2021-04-08
75-,2562,2564,2021-04-08
-18,0,177,2021-04-09
18-30,315,1989,2021-04-09
30-40,299,2836,2021-04-09
40-50,584,3429,2021-04-09
50-60,3963,4342,2021-04-09
60-75,6233,6252,2021-04-09
75-,2418,2423,2021-04-09
-18,0,86,2021-04-10
18-30,171,1258,2021-04-10
30-40,220,1662,2021-04-10
40-50,382,2076,2021-04-10
50-60,2449,2655,2021-04-10
60-75,4475,4484,2021-04-10
75-,1695,1695,2021-04-10
-18,0,137,2021-04-11
18-30,208,1567,2021-04-11
30-40,228,2209,2021-04-11
40-50,443,2705,2021-04-11
50-60,3541,3880,2021-04-11
60-75,6209,6229,2021-04-11
75-,2293,2296,2021-04-11
-18,0,118,2021-04-12
18-30,209,1440,2021-04-12
30-40,254,2146,2021-04-12
40-50,460,2446,2021-04-12
50-60,3151,3424,2021-04-12
60-75,6328,6344,2021-04-12
75-,2168,2171,2021-04-12
-18,0,29,2021-04-13
18-30,142,872,2021-04-13
30-40,175,1288,2021-04-13
40-50,359,1611,2021-04-13
50-60,1980,2140,2021-04-13
60-75,3937,3951,2021-04-13
75-,1497,1500,2021-04-13
-18,0,63,2021-04-14
18-30,160,1062,2021-04-14
30-40,193,1727,2021-04-14
40-50,383,2042,2021-04-14
50-60,2509,2768,2021-04-14
60-75,4641,4654,2021-04-14
75-,1653,1658,2021-04-14
-18,0,83,2021-04-15
18-30,200,1491,2021-04-15
30-40,319,2570,2021-04-15
40-50,562,2905,2021-04-15
50-60,3250,3545,2021-04-15
60-75,5562,5579,2021-04-15
75-,1950,1953,2021-04-15
-18,0,90,2021-04-16
18-30,268,1462,2021-04-16
30-40,379,2334,2021-04-16
40-50,664,2766,2021-04-16
50-60,3268,3527,2021-04-16
60-75,5333,5352,2021-04-16
75-,1756,1761,2021-04-16
-18,0,60,2021-04-17
18-30,160,1158,2021-04-17
30-40,219,1734,2021-04-17
40-50,330,1901,2021-04-17
50-60,2344,2589,2021-04-17
60-75,3966,3981,2021-04-17
75-,1215,1217,2021-04-17
-18,0,96,2021-04-18
18-30,194,1326,2021-04-18
30-40,155,2032,2021-04-18
40-50,347,2339,2021-04-18
50-60,2850,3130,2021-04-18
60-75,4740,4773,2021-04-18
75-,1575,1576,2021-04-18
-18,0,118,2021-04-19
18-30,238,1775,2021-04-19
30-40,294,2764,2021-04-19
40-50,577,3076,2021-04-19
50-60,4045,4458,2021-04-19
60-75,6582,6628,2021-04-19
75-,1895,1898,2021-04-19
-18,0,103,2021-04-20
18-30,187,1510,2021-04-20
30-40,283,2502,2021-04-20
40-50,552,2872,2021-04-20
50-60,3923,4268,2021-04-20
60-75,6291,6341,2021-04-20
75-,1840,1841,2021-04-20
-18,0,109,2021-04-21
18-30,222,1670,2021-04-21
30-40,304,2577,2021-04-21
40-50,553,3048,2021-04-21
50-60,3945,4288,2021-04-21
60-75,6636,6678,2021-04-21
75-,1950,1961,2021-04-21
-18,0,166,2021-04-22
18-30,318,3334,2021-04-22
30-40,359,3936,2021-04-22
40-50,644,3802,2021-04-22
50-60,4743,5213,2021-04-22
60-75,7168,7220,2021-04-22
75-,1966,1976,2021-04-22
-18,0,210,2021-04-23
18-30,383,3851,2021-04-23
30-40,404,4955,2021-04-23
40-50,749,4880,2021-04-23
50-60,5679,6340,2021-04-23
60-75,7727,7790,2021-04-23
75-,2014,2018,2021-04-23
-18,0,164,2021-04-24
18-30,231,2356,2021-04-24
30-40,325,3587,2021-04-24
40-50,673,4070,2021-04-24
50-60,5260,5807,2021-04-24
60-75,7743,7803,2021-04-24
75-,2036,2048,2021-04-24
-18,0,151,2021-04-25
18-30,190,2167,2021-04-25
30-40,279,3433,2021-04-25
40-50,636,4083,2021-04-25
50-60,4945,5457,2021-04-25
60-75,7043,7087,2021-04-25
75-,1979,1987,2021-04-25
-18,0,100,2021-04-26
18-30,255,2066,2021-04-26
30-40,349,3277,2021-04-26
40-50,649,3679,2021-04-26
50-60,4908,5439,2021-04-26
60-75,6848,6906,2021-04-26
75-,1890,1899,2021-04-26
-18,0,124,2021-04-27
18-30,198,1668,2021-04-27
30-40,318,2653,2021-04-27
40-50,557,3116,2021-04-27
50-60,3966,4409,2021-04-27
60-75,5265,5320,2021-04-27
75-,1551,1560,2021-04-27
-18,0,133,2021-04-28
18-30,214,2314,2021-04-28
30-40,362,3429,2021-04-28
40-50,741,3966,2021-04-28
50-60,4604,5153,2021-04-28
60-75,5918,5965,2021-04-28
75-,1575,1584,2021-04-28
-18,0,167,2021-04-29
18-30,270,2632,2021-04-29
30-40,386,3703,2021-04-29
40-50,787,4319,2021-04-29
50-60,5065,5645,2021-04-29
60-75,6328,6375,2021-04-29
75-,1696,1705,2021-04-29
-18,0,154,2021-04-30
18-30,272,2547,2021-04-30
30-40,377,3744,2021-04-30
40-50,813,4560,2021-04-30
50-60,5442,6112,2021-04-30
60-75,6770,6838,2021-04-30
75-,1810,1820,2021-04-30
-18,0,170,2021-05-01
18-30,255,2412,2021-05-01
30-40,259,2947,2021-05-01
40-50,566,3666,2021-05-01
50-60,4458,5050,2021-05-01
60-75,6355,6422,2021-05-01
75-,1789,1797,2021-05-01
-18,0,112,2021-05-02
18-30,132,1517,2021-05-02
30-40,203,2207,2021-05-02
40-50,475,2940,2021-05-02
50-60,3632,4157,2021-05-02
60-75,5366,5431,2021-05-02
75-,1573,1583,2021-05-02
-18,0,27,2021-05-03
18-30,171,1617,2021-05-03
30-40,313,2761,2021-05-03
40-50,629,3297,2021-05-03
50-60,3748,4266,2021-05-03
60-75,5037,5086,2021-05-03
75-,1428,1440,2021-05-03
-18,0,16,2021-05-04
18-30,172,1421,2021-05-04
30-40,268,2279,2021-05-04
40-50,526,2798,2021-05-04
50-60,3159,3624,2021-05-04
60-75,4105,4148,2021-05-04
75-,1189,1193,2021-05-04
-18,0,46,2021-05-05
18-30,145,1456,2021-05-05
30-40,234,2153,2021-05-05
40-50,470,2620,2021-05-05
50-60,3052,3505,2021-05-05
60-75,3973,4021,2021-05-05
75-,1151,1156,2021-05-05
-18,0,56,2021-05-06
18-30,142,1136,2021-05-06
30-40,216,1739,2021-05-06
40-50,419,2221,2021-05-06
50-60,2731,3082,2021-05-06
60-75,3692,3729,2021-05-06
75-,1055,1062,2021-05-06
-18,0,69,2021-05-07
18-30,169,1687,2021-05-07
30-40,241,2415,2021-05-07
40-50,490,2816,2021-05-07
50-60,3284,3726,2021-05-07
60-75,4541,4589,2021-05-07
75-,1174,1187,2021-05-07
-18,0,79,2021-05-08
18-30,149,1623,2021-05-08
30-40,171,2114,2021-05-08
40-50,388,2577,2021-05-08
50-60,3108,3531,2021-05-08
60-75,4240,4299,2021-05-08
75-,1158,1162,2021-05-08
-18,0,93,2021-05-09
18-30,163,1847,2021-05-09
30-40,220,2565,2021-05-09
40-50,438,3071,2021-05-09
50-60,3779,4303,2021-05-09
60-75,4949,5035,2021-05-09
75-,1290,1296,2021-05-09
-18,0,122,2021-05-10
18-30,190,2012,2021-05-10
30-40,335,3126,2021-05-10
40-50,660,3790,2021-05-10
50-60,4500,5100,2021-05-10
60-75,5665,5747,2021-05-10
75-,1481,1492,2021-05-10
-18,0,95,2021-05-11
18-30,143,1592,2021-05-11
30-40,235,2502,2021-05-11
40-50,554,3214,2021-05-11
50-60,3686,4166,2021-05-11
60-75,5104,5180,2021-05-11
75-,1273,1279,2021-05-11
-18,0,66,2021-05-12
18-30,122,1461,2021-05-12
30-40,224,2019,2021-05-12
40-50,514,2664,2021-05-12
50-60,3133,3571,2021-05-12
60-75,4154,4224,2021-05-12
75-,1120,1133,2021-05-12
-18,0,104,2021-05-13
18-30,110,1570,2021-05-13
30-40,167,2443,2021-05-13
40-50,534,3612,2021-05-13
50-60,5764,6529,2021-05-13
60-75,8147,8257,2021-05-13
75-,2508,2527,2021-05-13
-18,0,113,2021-05-14
18-30,150,1676,2021-05-14
30-40,205,2553,2021-05-14
40-50,594,3983,2021-05-14
50-60,6254,7035,2021-05-14
60-75,7404,7496,2021-05-14
75-,2282,2298,2021-05-14
-18,0,119,2021-05-15
18-30,222,2122,2021-05-15
30-40,284,3096,2021-05-15
40-50,597,4220,2021-05-15
50-60,5510,6168,2021-05-15
60-75,7274,7382,2021-05-15
75-,2153,2167,2021-05-15
-18,0,41,2021-05-16
18-30,136,1546,2021-05-16
30-40,172,2511,2021-05-16
40-50,445,3404,2021-05-16
50-60,4290,4839,2021-05-16
60-75,5634,5724,2021-05-16
75-,1605,1621,2021-05-16
-18,0,48,2021-05-17
18-30,197,1467,2021-05-17
30-40,395,2752,2021-05-17
40-50,697,3585,2021-05-17
50-60,4510,5045,2021-05-17
60-75,5842,5918,2021-05-17
75-,1710,1719,2021-05-17
-18,0,80,2021-05-18
18-30,330,2029,2021-05-18
30-40,439,3413,2021-05-18
40-50,815,4336,2021-05-18
50-60,5372,6038,2021-05-18
60-75,7137,7230,2021-05-18
75-,2132,2146,2021-05-18
-18,0,100,2021-05-19
18-30,324,2064,2021-05-19
30-40,423,3316,2021-05-19
40-50,884,4692,2021-05-19
50-60,5531,6173,2021-05-19
60-75,6756,6873,2021-05-19
75-,1938,1960,2021-05-19
-18,0,97,2021-05-20
18-30,318,2136,2021-05-20
30-40,492,3881,2021-05-20
40-50,1101,5450,2021-05-20
50-60,7315,8111,2021-05-20
60-75,7250,7359,2021-05-20
75-,2068,2088,2021-05-20
-18,0,74,2021-05-21
18-30,220,1804,2021-05-21
30-40,436,3712,2021-05-21
40-50,1280,6013,2021-05-21
50-60,8726,9636,2021-05-21
60-75,6982,7074,2021-05-21
75-,2057,2071,2021-05-21
-18,0,51,2021-05-22
18-30,243,1508,2021-05-22
30-40,408,2496,2021-05-22
40-50,766,3591,2021-05-22
50-60,4689,5276,2021-05-22
60-75,5419,5512,2021-05-22
75-,1702,1721,2021-05-22
-18,0,44,2021-05-23
18-30,124,1362,2021-05-23
30-40,159,1936,2021-05-23
40-50,406,2929,2021-05-23
50-60,3813,4332,2021-05-23
60-75,4783,4860,2021-05-23
75-,1453,1463,2021-05-23
-18,0,39,2021-05-24
18-30,212,1358,2021-05-24
30-40,398,2514,2021-05-24
40-50,731,3537,2021-05-24
50-60,4829,5398,2021-05-24
60-75,5495,5580,2021-05-24
75-,1777,1798,2021-05-24
-18,0,46,2021-05-25
18-30,211,1291,2021-05-25
30-40,398,2361,2021-05-25
40-50,1006,3801,2021-05-25
50-60,5229,5780,2021-05-25
60-75,5381,5466,2021-05-25
75-,1674,1689,2021-05-25
-18,0,69,2021-05-26
18-30,270,1670,2021-05-26
30-40,462,2721,2021-05-26
40-50,1109,4119,2021-05-26
50-60,5484,6114,2021-05-26
60-75,5415,5530,2021-05-26
75-,1684,1702,2021-05-26
-18,0,45,2021-05-27
18-30,456,1740,2021-05-27
30-40,832,3043,2021-05-27
40-50,1615,4666,2021-05-27
50-60,5671,6273,2021-05-27
60-75,5365,5449,2021-05-27
75-,1627,1643,2021-05-27
-18,0,52,2021-05-28
18-30,312,1604,2021-05-28
30-40,528,2702,2021-05-28
40-50,1286,4338,2021-05-28
50-60,5560,6172,2021-05-28
60-75,5395,5463,2021-05-28
75-,1653,1671,2021-05-28
-18,0,45,2021-05-29
18-30,176,1264,2021-05-29
30-40,331,2110,2021-05-29
40-50,684,3211,2021-05-29
50-60,4347,4918,2021-05-29
60-75,5892,5981,2021-05-29
75-,1948,1963,2021-05-29
-18,0,43,2021-05-30
18-30,119,1114,2021-05-30
30-40,157,1861,2021-05-30
40-50,459,2850,2021-05-30
50-60,3711,4271,2021-05-30
60-75,5476,5569,2021-05-30
75-,1872,1886,2021-05-30
-18,0,59,2021-05-31
18-30,224,1692,2021-05-31
30-40,356,2846,2021-05-31
40-50,845,4096,2021-05-31
50-60,5543,6225,2021-05-31
60-75,6665,6783,2021-05-31
75-,2136,2151,2021-05-31
-18,0,90,2021-06-01
18-30,314,2259,2021-06-01
30-40,417,3518,2021-06-01
40-50,1212,5843,2021-06-01
50-60,9016,10139,2021-06-01
60-75,8322,8525,2021-06-01
75-,2333,2352,2021-06-01
-18,0,35,2021-06-02
18-30,204,1650,2021-06-02
30-40,332,2803,2021-06-02
40-50,950,4631,2021-06-02
50-60,7546,8355,2021-06-02
60-75,6816,6973,2021-06-02
75-,1879,1893,2021-06-02
-18,0,88,2021-06-03
18-30,291,2077,2021-06-03
30-40,408,3233,2021-06-03
40-50,964,5314,2021-06-03
50-60,8661,9688,2021-06-03
60-75,8124,8300,2021-06-03
75-,2328,2343,2021-06-03
-18,0,71,2021-06-04
18-30,303,2266,2021-06-04
30-40,486,3470,2021-06-04
40-50,1062,5562,2021-06-04
50-60,8612,9615,2021-06-04
60-75,7634,7867,2021-06-04
75-,2172,2197,2021-06-04
-18,0,53,2021-06-05
18-30,246,1873,2021-06-05
30-40,359,2776,2021-06-05
40-50,843,4730,2021-06-05
50-60,7185,8183,2021-06-05
60-75,7212,7409,2021-06-05
75-,1994,2011,2021-06-05
-18,0,76,2021-06-06
18-30,173,1768,2021-06-06
30-40,172,2507,2021-06-06
40-50,624,4413,2021-06-06
50-60,6690,7651,2021-06-06
60-75,6763,6915,2021-06-06
75-,1972,1985,2021-06-06
-18,0,89,2021-06-07
18-30,291,2357,2021-06-07
30-40,453,3629,2021-06-07
40-50,993,6023,2021-06-07
50-60,8742,9802,2021-06-07
60-75,7660,7850,2021-06-07
75-,2210,2231,2021-06-07
-18,0,61,2021-06-08
18-30,304,2078,2021-06-08
30-40,459,3261,2021-06-08
40-50,994,5498,2021-06-08
50-60,7991,8935,2021-06-08
60-75,7018,7201,2021-06-08
75-,1958,1975,2021-06-08
-18,0,59,2021-06-09
18-30,431,2305,2021-06-09
30-40,613,3372,2021-06-09
40-50,1203,5505,2021-06-09
50-60,7272,8158,2021-06-09
60-75,6127,6287,2021-06-09
75-,1791,1803,2021-06-09
-18,0,55,2021-06-10
18-30,419,2055,2021-06-10
30-40,539,3247,2021-06-10
40-50,1098,5379,2021-06-10
50-60,6718,7603,2021-06-10
60-75,5629,5778,2021-06-10
75-,1612,1629,2021-06-10
-18,0,61,2021-06-11
18-30,219,1647,2021-06-11
30-40,284,2609,2021-06-11
40-50,744,4316,2021-06-11
50-60,5921,6716,2021-06-11
60-75,5427,5589,2021-06-11
75-,1601,1621,2021-06-11
-18,0,49,2021-06-12
18-30,153,1439,2021-06-12
30-40,185,2139,2021-06-12
40-50,551,3895,2021-06-12
50-60,5066,6025,2021-06-12
60-75,5175,5369,2021-06-12
75-,1595,1612,2021-06-12
-18,0,59,2021-06-13
18-30,128,1337,2021-06-13
30-40,131,1972,2021-06-13
40-50,489,3787,2021-06-13
50-60,4857,5828,2021-06-13
60-75,4974,5118,2021-06-13
75-,1544,1563,2021-06-13
-18,0,56,2021-06-14
18-30,207,1666,2021-06-14
30-40,283,2809,2021-06-14
40-50,665,4678,2021-06-14
50-60,5593,6699,2021-06-14
60-75,5219,5382,2021-06-14
75-,1626,1645,2021-06-14
-18,0,57,2021-06-15
18-30,161,1355,2021-06-15
30-40,263,2312,2021-06-15
40-50,556,4008,2021-06-15
50-60,4849,5791,2021-06-15
60-75,4943,5078,2021-06-15
75-,1440,1456,2021-06-15
-18,0,58,2021-06-16
18-30,190,1504,2021-06-16
30-40,215,2251,2021-06-16
40-50,564,3871,2021-06-16
50-60,4711,5640,2021-06-16
60-75,4664,4851,2021-06-16
75-,1353,1366,2021-06-16
-18,0,58,2021-06-17
18-30,205,1459,2021-06-17
30-40,217,2256,2021-06-17
40-50,579,3804,2021-06-17
50-60,4643,5533,2021-06-17
60-75,4614,4792,2021-06-17
75-,1357,1364,2021-06-17
-18,0,58,2021-06-18
18-30,253,1568,2021-06-18
30-40,285,2582,2021-06-18
40-50,545,4022,2021-06-18
50-60,4513,5504,2021-06-18
60-75,4721,4929,2021-06-18
75-,1442,1464,2021-06-18
-18,0,78,2021-06-19
18-30,223,1981,2021-06-19
30-40,249,2580,2021-06-19
40-50,518,4359,2021-06-19
50-60,4625,5741,2021-06-19
60-75,4335,4548,2021-06-19
75-,1235,1255,2021-06-19
-18,0,79,2021-06-20
18-30,203,1727,2021-06-20
30-40,186,2530,2021-06-20
40-50,457,4176,2021-06-20
50-60,4395,5442,2021-06-20
60-75,4199,4413,2021-06-20
75-,1165,1177,2021-06-20
-18,0,95,2021-06-21
18-30,365,2440,2021-06-21
30-40,406,3788,2021-06-21
40-50,690,5640,2021-06-21
50-60,5682,7106,2021-06-21
60-75,5847,6144,2021-06-21
75-,1607,1619,2021-06-21
-18,0,90,2021-06-22
18-30,369,2906,2021-06-22
30-40,521,4619,2021-06-22
40-50,798,6485,2021-06-22
50-60,6186,7866,2021-06-22
60-75,6357,6680,2021-06-22
75-,1727,1755,2021-06-22
-18,0,137,2021-06-23
18-30,455,3610,2021-06-23
30-40,557,5644,2021-06-23
40-50,937,7849,2021-06-23
50-60,7057,9089,2021-06-23
60-75,7043,7444,2021-06-23
75-,1956,1973,2021-06-23
-18,0,152,2021-06-24
18-30,493,4722,2021-06-24
30-40,522,7107,2021-06-24
40-50,999,9447,2021-06-24
50-60,7964,10199,2021-06-24
60-75,8193,8621,2021-06-24
75-,2245,2267,2021-06-24
-18,0,87,2021-06-25
18-30,381,4199,2021-06-25
30-40,454,6607,2021-06-25
40-50,852,8449,2021-06-25
50-60,6829,8809,2021-06-25
60-75,7051,7441,2021-06-25
75-,1967,1991,2021-06-25
-18,0,123,2021-06-26
18-30,353,3554,2021-06-26
30-40,419,5319,2021-06-26
40-50,782,7163,2021-06-26
50-60,5897,7683,2021-06-26
60-75,6356,6710,2021-06-26
75-,1881,1906,2021-06-26
-18,0,125,2021-06-27
18-30,298,3606,2021-06-27
30-40,304,5017,2021-06-27
40-50,615,6305,2021-06-27
50-60,5030,6535,2021-06-27
60-75,5298,5597,2021-06-27
75-,1466,1488,2021-06-27
-18,0,177,2021-06-28
18-30,423,4813,2021-06-28
30-40,484,6872,2021-06-28
40-50,839,8480,2021-06-28
50-60,6525,8620,2021-06-28
60-75,6671,7095,2021-06-28
75-,1951,1978,2021-06-28
-18,0,217,2021-06-29
18-30,289,5941,2021-06-29
30-40,331,7576,2021-06-29
40-50,871,8761,2021-06-29
50-60,6327,8879,2021-06-29
60-75,6548,7455,2021-06-29
75-,1934,2029,2021-06-29
-18,0,190,2021-06-30
18-30,205,5846,2021-06-30
30-40,229,7617,2021-06-30
40-50,868,8847,2021-06-30
50-60,6263,9333,2021-06-30
60-75,6118,7540,2021-06-30
75-,1902,2049,2021-06-30
-18,0,207,2021-07-01
18-30,107,5431,2021-07-01
30-40,110,6951,2021-07-01
40-50,821,8271,2021-07-01
50-60,5395,8614,2021-07-01
60-75,5902,7506,2021-07-01
75-,1929,2111,2021-07-01
-18,0,163,2021-07-02
18-30,69,4018,2021-07-02
30-40,96,6046,2021-07-02
40-50,712,7447,2021-07-02
50-60,4663,7662,2021-07-02
60-75,5253,6888,2021-07-02
75-,1912,2113,2021-07-02
-18,0,153,2021-07-03
18-30,80,4076,2021-07-03
30-40,82,5532,2021-07-03
40-50,640,6668,2021-07-03
50-60,4153,6934,2021-07-03
60-75,4733,6358,2021-07-03
75-,1769,1960,2021-07-03
-18,0,196,2021-07-04
18-30,69,5380,2021-07-04
30-40,47,6274,2021-07-04
40-50,617,7337,2021-07-04
50-60,3997,7132,2021-07-04
60-75,3928,5694,2021-07-04
75-,1399,1642,2021-07-04
-18,0,217,2021-07-05
18-30,60,6054,2021-07-05
30-40,82,7377,2021-07-05
40-50,790,8299,2021-07-05
50-60,4209,7963,2021-07-05
60-75,4234,6220,2021-07-05
75-,1519,1789,2021-07-05
-18,0,224,2021-07-06
18-30,93,5172,2021-07-06
30-40,109,6344,2021-07-06
40-50,692,7523,2021-07-06
50-60,3228,6552,2021-07-06
60-75,3650,5423,2021-07-06
75-,1398,1606,2021-07-06
-18,0,262,2021-07-07
18-30,86,6002,2021-07-07
30-40,99,6993,2021-07-07
40-50,718,7931,2021-07-07
50-60,3417,7256,2021-07-07
60-75,3849,5845,2021-07-07
75-,1643,1925,2021-07-07
-18,0,415,2021-07-08
18-30,82,7684,2021-07-08
30-40,87,8233,2021-07-08
40-50,820,8887,2021-07-08
50-60,3155,8289,2021-07-08
60-75,3887,6482,2021-07-08
75-,1719,2057,2021-07-08
-18,0,412,2021-07-09
18-30,106,8112,2021-07-09
30-40,125,8394,2021-07-09
40-50,878,9566,2021-07-09
50-60,2946,8530,2021-07-09
60-75,3288,6409,2021-07-09
75-,1570,1924,2021-07-09
-18,0,468,2021-07-10
18-30,55,7753,2021-07-10
30-40,53,7494,2021-07-10
40-50,756,8563,2021-07-10
50-60,2449,7793,2021-07-10
60-75,2796,5787,2021-07-10
75-,1402,1795,2021-07-10
-18,0,298,2021-07-11
18-30,34,5118,2021-07-11
30-40,19,5592,2021-07-11
40-50,545,7043,2021-07-11
50-60,1863,5914,2021-07-11
60-75,2061,4238,2021-07-11
75-,956,1235,2021-07-11
-18,0,273,2021-07-12
18-30,58,4978,2021-07-12
30-40,58,5790,2021-07-12
40-50,616,6890,2021-07-12
50-60,1867,5736,2021-07-12
60-75,2290,4425,2021-07-12
75-,1043,1311,2021-07-12
-18,0,347,2021-07-13
18-30,49,5166,2021-07-13
30-40,55,5968,2021-07-13
40-50,554,6723,2021-07-13
50-60,1783,5504,2021-07-13
60-75,2148,4228,2021-07-13
75-,1032,1311,2021-07-13
-18,0,322,2021-07-14
18-30,79,5373,2021-07-14
30-40,69,6175,2021-07-14
40-50,470,6596,2021-07-14
50-60,1758,5373,2021-07-14
60-75,1922,3939,2021-07-14
75-,884,1259,2021-07-14
-18,0,336,2021-07-15
18-30,47,4552,2021-07-15
30-40,68,5614,2021-07-15
40-50,461,6293,2021-07-15
50-60,1369,4973,2021-07-15
60-75,1398,3506,2021-07-15
75-,578,1201,2021-07-15
-18,0,342,2021-07-16
18-30,48,5489,2021-07-16
30-40,85,5781,2021-07-16
40-50,405,6515,2021-07-16
50-60,564,4904,2021-07-16
60-75,591,3590,2021-07-16
75-,234,1177,2021-07-16
-18,0,440,2021-07-17
18-30,69,12809,2021-07-17
30-40,67,7722,2021-07-17
40-50,281,6977,2021-07-17
50-60,611,5507,2021-07-17
60-75,847,3974,2021-07-17
75-,319,1362,2021-07-17
-18,0,836,2021-07-18
18-30,71,28355,2021-07-18
30-40,44,11561,2021-07-18
40-50,348,10290,2021-07-18
50-60,832,8034,2021-07-18
60-75,745,4453,2021-07-18
75-,288,1496,2021-07-18
-18,0,1282,2021-07-19
18-30,514,45566,2021-07-19
30-40,166,16665,2021-07-19
40-50,332,10586,2021-07-19
50-60,241,6183,2021-07-19
60-75,259,3176,2021-07-19
75-,122,975,2021-07-19
-18,0,805,2021-07-20
18-30,678,27460,2021-07-20
30-40,369,10993,2021-07-20
40-50,920,8240,2021-07-20
50-60,289,4776,2021-07-20
60-75,143,2367,2021-07-20
75-,62,716,2021-07-20
-18,0,65,2021-07-21
18-30,1,2072,2021-07-21
30-40,1,1023,2021-07-21
40-50,4,876,2021-07-21
50-60,8,536,2021-07-21
60-75,9,294,2021-07-21
75-,9,99,2021-07-21
